folio,fecha,marca,cantidad,subtotal,total
PO-000001,2024-01-04,GEEGEE,18,4662,5407.92
PO-000002,2024-01-04,INA,18,5220,6055.2
PO-000003,2024-01-04,HAVE,183,39753,46113.48
PO-000004,2024-01-04,BLASHE,51,8682,10071.12
PO-000005,2024-01-04,AJ LEE APPAREL,51,8832,10245.12
PO-000006,2024-01-04,ACG,93,18963,21997.08
PO-000007,2024-01-04,MINE,276,56850,65946
PO-000008,2024-01-04,CHOCOLATE,42,10230,11866.8
PO-000009,2024-01-04,STELLA,18,1521,1764.36
PO-000010,2024-01-04,SPRING HAZE,42,10296,11943.36
PO-000011,2024-01-04,INVOICE,18,3348,3883.68
PO-000012,2024-01-04,IN 2 YOU,33,5142,5964.72
PO-000013,2024-01-04,ACTIVE USA,585,122019,141542.04
PO-000014,2024-01-04,ONE N MORE,33,13200,15312
PO-000015,2024-01-04,OVI,117,34659,40204.44
PO-000016,2024-01-04,DANIEL JEANS,18,3852,4468.32
PO-000017,2024-01-04,ESTELLA,66,15789,18315.24
PO-000018,2024-01-05,OVER APPAREL,159,27606,32022.96
PO-000019,2024-01-05,LOVERICHE,192,60159,69784.44
PO-000020,2024-01-05,SHERO,141,34062,39511.92
PO-000021,2024-01-05,NEW IN,66,16929,19637.64
PO-000022,2024-01-05,TOSKA,93,23676,27464.16
PO-000023,2024-01-05,MICHEL,528,106038,123004.08
PO-000024,2024-01-05,ONTWELFTH,183,65832,76365.12
PO-000025,2024-01-05,WILL B,51,11490,13328.4
PO-000026,2024-01-05,CAMEO,60,22977,26653.32
PO-000027,2024-01-05,IJOAH,168,33978,39414.48
PO-000028,2024-01-05,ROLYPOLY,42,9348,10843.68
PO-000029,2024-01-05,LOVE,60,8154,9458.64
PO-000030,2024-01-05,LOLA,33,7029,8153.64
PO-000031,2024-01-05,VERYJ,18,4374,5073.84
PO-000032,2024-01-05,LOVE TREE,276,49098,56953.68
PO-000033,2024-01-05,TOP CHIC,33,8382,9723.12
PO-000034,2024-01-05,AZURA,33,10794,12521.04
PO-000035,2024-01-06,TREND STYLES,18,2529,2933.64
PO-000036,2024-01-06,IRIS,84,13725,15921
PO-000037,2024-01-06,PAPERMOON,183,45270,52513.2
PO-000038,2024-01-06,COLETTE,18,3708,4301.28
PO-000039,2024-01-06,CI SONO CORDUROY,18,3861,4478.76
PO-000040,2024-01-06,GALITA,183,45267,52509.72
PO-000041,2024-01-06,MILK & HONEY,108,22584,26197.44
PO-000042,2024-01-06,LEENA,93,30288,35134.08
PO-000043,2024-01-06,MIASMIAS,24,4368,5066.88
PO-000044,2024-01-06,SANS SOUCI,141,29988,34786.08
PO-000045,2024-01-06,DOUBLE ZERO,33,6435,7464.6
PO-000046,2024-01-06,MISTYROSE,18,4590,5324.4
PO-000047,2024-02-04,MICHEL,756,121164,140550.24
PO-000048,2024-02-04,BAMBU,60,30255,35095.8
PO-000049,2024-02-04,AZURA,48,16713,19387.08
PO-000050,2024-02-04,BETTER BE,60,14517,16839.72
PO-000051,2024-02-04,MILK & HONEY,156,33624,39003.84
PO-000052,2024-02-04,ONE N MORE,48,21120,24499.2
PO-000053,2024-02-04,LOVERICHE,276,75618,87716.88
PO-000054,2024-02-04,SANS SOUCI,204,44643,51785.88
PO-000055,2024-02-04,TOP CHIC,48,12201,14153.16
PO-000056,2024-02-04,TABA,84,11268,13070.88
PO-000057,2024-02-04,THE VINTAGE SHOP,132,45231,52467.96
PO-000058,2024-02-04,AMBIANCE APPAREL,144,18192,21102.72
PO-000059,2024-02-04,WILL B,72,16434,19063.44
PO-000060,2024-02-04,EDIT BY NINE,84,27135,31476.6
PO-000061,2024-02-05,CI SONO CORDUROY,24,5160,5985.6
PO-000062,2024-02-05,ONLY4U,24,6000,6960
PO-000063,2024-02-05,MUY MUY,96,24249,28128.84
PO-000064,2024-02-05,EVERLYNN,48,10395,12058.2
PO-000065,2024-02-05,LOVE TREE,396,78228,90744.48
PO-000066,2024-02-05,CHOCOLATE,60,11835,13728.6
PO-000067,2024-02-05,IRIS,120,16284,18889.44
PO-000068,2024-02-05,RIVIR,24,11028,12792.48
PO-000069,2024-02-05,ACTIVE USA,840,120231,139467.96
PO-000070,2024-02-05,MINE,396,72600,84216
PO-000071,2024-02-05,NEW IN,96,24228,28104.48
PO-000072,2024-02-05,OVER APPAREL,228,45465,52739.4
PO-000073,2024-02-05,DRESS DAY,96,32643,37865.88
PO-000074,2024-02-05,BLASHE,72,12816,14866.56
PO-000075,2024-02-05,AJ LEE APPAREL,72,12438,14428.08
PO-000076,2024-02-06,ACG,132,25695,29806.2
PO-000077,2024-02-06,PAPERMOON,264,65265,75707.4
PO-000078,2024-02-06,ZENOBIA,96,19308,22397.28
PO-000079,2024-02-06,INA,24,6816,7906.56
PO-000080,2024-02-06,FASHION CARGO (PASSPORT),60,8625,10005
PO-000081,2024-02-06,LOLA,48,10086,11699.76
PO-000082,2024-02-06,LOVE,84,10350,12006
PO-000083,2024-02-06,ROLYPOLY,60,13479,15635.64
PO-000084,2024-03-04,WILL B,93,20799,24126.84
PO-000085,2024-03-04,ACG,171,37038,42964.08
PO-000086,2024-03-04,COLETTE,30,6276,7280.16
PO-000087,2024-03-04,AVAILABLE,201,29562,34291.92
PO-000088,2024-03-04,EDIT BY NINE,108,31644,36707.04
PO-000089,2024-03-04,OVI,216,64863,75241.08
PO-000090,2024-03-04,VERYJ,30,6759,7840.44
PO-000091,2024-03-04,MICHEL,972,178119,206618.04
PO-000092,2024-03-04,IF SHE LOVES,63,14454,16766.64
PO-000093,2024-03-04,HYFVE,246,67770,78613.2
PO-000094,2024-03-04,SANS SOUCI,261,55206,64038.96
PO-000095,2024-03-04,DAZZLING,30,9555,11083.8
PO-000096,2024-03-04,STELLA,30,2826,3278.16
PO-000097,2024-03-04,AMBIANCE APPAREL,186,27699,32130.84
PO-000098,2024-03-04,ONLY4U,30,7608,8825.28
PO-000099,2024-03-04,GILLI,63,18540,21506.4
PO-000100,2024-03-04,ROLYPOLY,78,18246,21165.36
PO-000101,2024-03-05,RUNWAYPARIS,153,32526,37730.16
PO-000102,2024-03-05,EVERLYNN,63,13122,15221.52
PO-000103,2024-03-05,MITI PAPERMOON,216,33489,38847.24
PO-000104,2024-03-05,CAMEO,108,35148,40771.68
PO-000105,2024-03-05,CRETA,30,8145,9448.2
PO-000106,2024-03-05,LOVE HARMONY,30,8457,9810.12
PO-000107,2024-03-05,MINE,510,104358,121055.28
PO-000108,2024-03-05,TEENBELL,138,18669,21656.04
PO-000109,2024-03-05,GEEGEE,30,7950,9222
PO-000110,2024-03-05,NEW IN,123,28011,32492.76
PO-000111,2024-03-05,ONTWELFTH,339,115860,134397.6
PO-000112,2024-03-05,LIZETTE COLLECTION,417,110292,127938.72
PO-000113,2024-03-05,MIASMIAS,45,8190,9500.4
PO-000114,2024-03-05,ZENOBIA,123,27534,31939.44
PO-000115,2024-03-05,ACTIVE USA,1080,236856,274752.96
PO-000116,2024-03-05,IRIS,153,20562,23851.92
PO-000117,2024-03-06,TOSKA,171,40959,47512.44
PO-000118,2024-03-06,BAMBU,78,38919,45146.04
PO-000119,2024-03-06,BLASHE,93,16194,18785.04
PO-000120,2024-03-06,ONE N MORE,63,26136,30317.76
PO-000121,2024-03-06,AZURA,63,21681,25149.96
PO-000122,2024-03-06,LOVE TREE,510,91242,105840.72
PO-000123,2024-03-06,CI SONO CORDUROY,30,6483,7520.28
PO-000124,2024-03-06,LOLA,63,13545,15712.2
PO-000125,2024-03-06,DOUBLE ZERO,63,12636,14657.76
PO-000126,2024-04-04,VERYJ,21,4833,5606.28
PO-000127,2024-04-04,IF SHE LOVES,39,10806,12534.96
PO-000128,2024-04-04,LOVE TREE,333,63987,74224.92
PO-000129,2024-04-04,AZURA,39,13602,15778.32
PO-000130,2024-04-04,INA,21,6084,7057.44
PO-000131,2024-04-04,AJ LEE APPAREL,60,10524,12207.84
PO-000132,2024-04-04,MISTYROSE,21,5169,5996.04
PO-000133,2024-04-04,LOVERICHE,231,73614,85392.24
PO-000134,2024-04-04,NAANAA,90,24237,28114.92
PO-000135,2024-04-04,LIZETTE COLLECTION,270,77427,89815.32
PO-000136,2024-04-04,FASHION CARGO (PASSPORT),51,7290,8456.4
PO-000137,2024-04-04,MIROH,51,6207,7200.12
PO-000138,2024-04-04,ACTIVE USA,702,128592,149166.72
PO-000139,2024-04-04,OVI,141,42672,49499.52
PO-000140,2024-04-04,AMBIANCE APPAREL,120,16005,18565.8
PO-000141,2024-04-04,DANIEL JEANS,21,4494,5213.04
PO-000142,2024-04-05,SANS SOUCI,171,37521,43524.36
PO-000143,2024-04-05,LEENA,111,37620,43639.2
PO-000144,2024-04-05,ACG,111,19197,22268.52
PO-000145,2024-04-05,IRIS,99,12456,14448.96
PO-000146,2024-04-05,DOUBLE ZERO,39,7863,9121.08
PO-000147,2024-04-05,MUY MUY,81,17100,19836
PO-000148,2024-04-05,AVAILABLE,132,19572,22703.52
PO-000149,2024-04-05,PAPERMOON,222,70446,81717.36
PO-000150,2024-04-05,CRETA,21,5727,6643.32
PO-000151,2024-04-05,LOVE,69,7365,8543.4
PO-000152,2024-04-05,THE VINTAGE SHOP,111,39609,45946.44
PO-000153,2024-04-05,HAVE,222,43854,50870.64
PO-000154,2024-04-05,MICHEL,633,105024,121827.84
PO-000155,2024-04-05,TOP CHIC,39,10167,11793.72
PO-000156,2024-04-05,TABA,69,9507,11028.12
PO-000157,2024-04-05,ONLY4U,21,5403,6267.48
PO-000158,2024-04-05,MILK & HONEY,132,27504,31904.64
PO-000159,2024-04-06,ROLYPOLY,51,11367,13185.72
PO-000160,2024-04-06,GEEGEE,21,5565,6455.4
PO-000161,2024-04-06,WILL B,60,13689,15879.24
PO-000162,2024-04-06,NEW IN,81,19584,22717.44
PO-000163,2024-04-06,DRESS DAY,81,27081,31413.96
PO-000164,2024-04-06,TREND STYLES,21,2907,3372.12
PO-000165,2024-04-06,LOLA,39,8664,10050.24
PO-000166,2024-04-06,GILLI,39,10251,11891.16
PO-000167,2024-04-06,MINE,333,64611,74948.76
PO-000168,2024-05-04,IN 2 YOU,51,7965,9239.4
PO-000169,2024-05-04,TOSKA,138,33111,38408.76
PO-000170,2024-05-04,VERYJ,24,5496,6375.36
PO-000171,2024-05-04,MINE,414,93654,108638.64
PO-000172,2024-05-04,OVI,174,47355,54931.8
PO-000173,2024-05-04,GLAM,213,51594,59849.04
PO-000174,2024-05-04,ONTWELFTH,276,78591,91165.56
PO-000175,2024-05-04,AMBIANCE APPAREL,150,24309,28198.44
PO-000176,2024-05-04,TREND STYLES,24,3444,3995.04
PO-000177,2024-05-04,TABA,87,11814,13704.24
PO-000178,2024-05-04,ONE N MORE,51,21579,25031.64
PO-000179,2024-05-04,ZENOBIA,99,24981,28977.96
PO-000180,2024-05-04,MILK & HONEY,162,34209,39682.44
PO-000181,2024-05-04,DAZZLING,24,7596,8811.36
PO-000182,2024-05-04,MISTYROSE,24,6108,7085.28
PO-000183,2024-05-04,DANIEL JEANS,24,5136,5957.76
PO-000184,2024-05-04,THE WORK SHOP,63,11952,13864.32
PO-000185,2024-05-04,MICHEL,789,112350,130326
PO-000186,2024-05-04,TOP CHIC,51,12420,14407.2
PO-000187,2024-05-05,HYFVE,201,54468,63182.88
PO-000188,2024-05-05,TIMING,426,89139,103401.24
PO-000189,2024-05-05,GALITA,276,75390,87452.4
PO-000190,2024-05-05,AZURA,51,16839,19533.24
PO-000191,2024-05-05,DOUBLE ZERO,51,10065,11675.4
PO-000192,2024-05-05,STELLA,24,2100,2436
PO-000193,2024-05-05,SHERO,213,52338,60712.08
PO-000194,2024-05-05,IRIS,126,13536,15701.76
PO-000195,2024-05-05,TEENBELL,114,13509,15670.44
PO-000196,2024-05-05,IJOAH,249,52890,61352.4
PO-000197,2024-05-05,LOVE TREE,414,86655,100519.8
PO-000198,2024-05-05,LOLA,51,10917,12663.72
PO-000199,2024-05-05,ESTELLA,99,23160,26865.6
PO-000200,2024-05-05,LOVE POEM,300,51450,59682
PO-000201,2024-05-05,INA,24,6816,7906.56
PO-000202,2024-05-05,CAMEO,87,29616,34354.56
PO-000203,2024-05-05,ACG,138,26439,30669.24
PO-000204,2024-05-05,BLASHE,75,12366,14344.56
PO-000205,2024-05-05,INVOICE,24,4596,5331.36
PO-000206,2024-05-05,MIASMIAS,39,7098,8233.68
PO-000207,2024-05-06,NEW IN,99,21357,24774.12
PO-000208,2024-05-06,GEEGEE,24,6360,7377.6
PO-000209,2024-05-06,COLETTE,24,5052,5860.32
PO-000210,2024-05-06,SPRING HAZE,63,16110,18687.6
PO-000211,2024-05-06,AVAILABLE,162,24114,27972.24
PO-000212,2024-05-06,ROLYPOLY,63,14013,16255.08
PO-000213,2024-05-06,WILL B,75,17778,20622.48
PO-000214,2024-05-06,ACTIVE USA,876,164997,191396.52
PO-000215,2024-05-06,LIZETTE COLLECTION,339,81444,94475.04
PO-000216,2024-05-06,CRETA,24,6492,7530.72
PO-000217,2024-06-06,LOVE TREE,336,62775,72819
PO-000218,2024-06-06,LOLA,42,8952,10384.32
PO-000219,2024-06-06,GLAM,171,39909,46294.44
PO-000220,2024-06-06,INVOICE,21,4302,4990.32
PO-000221,2024-06-06,ACTIVE USA,711,136668,158534.88
PO-000222,2024-06-06,RIVIR,21,9132,10593.12
PO-000223,2024-06-06,AZURA,42,14112,16369.92
PO-000224,2024-06-06,SHERO,171,37629,43649.64
PO-000225,2024-06-06,GILLI,42,11433,13262.28
PO-000226,2024-06-06,LEENA,111,38352,44488.32
PO-000227,2024-06-06,TREND STYLES,21,3054,3542.64
PO-000228,2024-06-06,IRIS,102,13956,16188.96
PO-000229,2024-06-06,OVI,141,42822,49673.52
PO-000230,2024-06-06,EVERLYNN,42,9339,10833.24
PO-000231,2024-06-06,SANS SOUCI,171,34656,40200.96
PO-000232,2024-06-06,SORRENTO,21,4137,4798.92
PO-000233,2024-06-06,STELLA,21,2178,2526.48
PO-000234,2024-06-07,SPRING HAZE,51,12408,14393.28
PO-000235,2024-06-07,ONTWELFTH,222,57558,66767.28
PO-000236,2024-06-07,NAANAA,90,21855,25351.8
PO-000237,2024-06-07,RUNWAYPARIS,102,22128,25668.48
PO-000238,2024-06-07,MUY MUY,81,19908,23093.28
PO-000239,2024-06-07,FASHION CARGO (PASSPORT),51,7482,8679.12
PO-000240,2024-06-07,TOP CHIC,42,10962,12715.92
PO-000241,2024-06-07,MICHEL,639,119670,138817.2
PO-000242,2024-06-07,PAPERMOON,222,60879,70619.64
PO-000243,2024-06-07,CRETA,21,5706,6618.96
PO-000244,2024-06-07,BETTER BE,51,11640,13502.4
PO-000245,2024-06-07,TOSKA,111,27615,32033.4
PO-000246,2024-06-07,ACG,111,23208,26921.28
PO-000247,2024-06-07,HYFVE,162,47763,55405.08
PO-000248,2024-06-07,GEEGEE,21,5565,6455.4
PO-000249,2024-06-07,AMBIANCE APPAREL,123,15405,17869.8
PO-000250,2024-06-07,ONE N MORE,42,19302,22390.32
PO-000251,2024-06-08,CI SONO CORDUROY,21,4557,5286.12
PO-000252,2024-06-08,MINE,336,45360,52617.6
PO-000253,2024-06-08,LOVE POEM,243,46911,54416.76
PO-000254,2024-06-08,AJ LEE APPAREL,60,10437,12106.92
PO-000255,2024-06-08,VERYJ,21,5157,5982.12
PO-000256,2024-06-08,NEW IN,81,18453,21405.48
PO-000257,2024-06-08,TABA,72,9738,11296.08
PO-000258,2024-06-08,TIMING,345,68274,79197.84
PO-000259,2024-06-08,DAZZLING,21,6792,7878.72
PO-000260,2024-06-08,INA,21,5994,6953.04
PO-000261,2024-06-08,IN 2 YOU,42,6561,7610.76
PO-000262,2024-07-04,EDIT BY NINE,78,28092,32586.72
PO-000263,2024-07-04,RUNWAYPARIS,114,21405,24829.8
PO-000264,2024-07-04,MICHEL,711,88662,102847.92
PO-000265,2024-07-04,IJOAH,225,48201,55913.16
PO-000266,2024-07-04,LEENA,123,43527,50491.32
PO-000267,2024-07-04,MIASMIAS,33,6006,6966.96
PO-000268,2024-07-04,RIVIR,24,9948,11539.68
PO-000269,2024-07-04,HYFVE,180,44010,51051.6
PO-000270,2024-07-04,ACTIVE USA,789,153936,178565.76
PO-000271,2024-07-04,MINE,372,64653,74997.48
PO-000272,2024-07-04,SORRENTO,24,4728,5484.48
PO-000273,2024-07-04,AMBIANCE APPAREL,135,15744,18263.04
PO-000274,2024-07-04,ONTWELFTH,249,87606,101622.96
PO-000275,2024-07-04,TREND STYLES,24,3600,4176
PO-000276,2024-07-04,VERYJ,24,5364,6222.24
PO-000277,2024-07-05,INVOICE,24,5124,5943.84
PO-000278,2024-07-05,MITI PAPERMOON,159,22557,26166.12
PO-000279,2024-07-05,OVI,159,46146,53529.36
PO-000280,2024-07-05,LOLA,45,9666,11212.56
PO-000281,2024-07-05,DANIEL JEANS,24,5136,5957.76
PO-000282,2024-07-05,IN 2 YOU,45,7056,8184.96
PO-000283,2024-07-05,TOP CHIC,45,11349,13164.84
PO-000284,2024-07-05,BLASHE,69,12684,14713.44
PO-000285,2024-07-05,DRESS DAY,90,28269,32792.04
PO-000286,2024-07-05,ONE N MORE,45,19629,22769.64
PO-000287,2024-07-05,WILL B,69,14736,17093.76
PO-000288,2024-07-05,ZENOBIA,90,18855,21871.8
PO-000289,2024-07-05,IRIS,114,15834,18367.44
PO-000290,2024-07-05,GILLI,45,11475,13311
PO-000291,2024-07-06,THE VINTAGE SHOP,123,34827,40399.32
PO-000292,2024-07-06,INA,24,6876,7976.16
PO-000293,2024-07-06,LOVE POEM,270,44700,51852
PO-000294,2024-07-06,BAMBU,57,28119,32618.04
PO-000295,2024-07-06,LOVE TREE,372,71175,82563
PO-000296,2024-07-06,DAZZLING,24,7656,8880.96
PO-000297,2024-07-06,TEENBELL,102,13455,15607.8
PO-000298,2024-07-06,BETTER BE,57,13614,15792.24
PO-000299,2024-08-04,STELLA,21,1977,2293.32
PO-000300,2024-08-04,NEW IN,87,21567,25017.72
PO-000301,2024-08-04,HYFVE,177,47721,55356.36
PO-000302,2024-08-04,BAMBU,54,27459,31852.44
PO-000303,2024-08-04,TOP CHIC,45,11421,13248.36
PO-000304,2024-08-04,MISTYROSE,21,5109,5926.44
PO-000305,2024-08-04,MILK & HONEY,144,27933,32402.28
PO-000306,2024-08-04,TREND STYLES,21,3156,3660.96
PO-000307,2024-08-04,SORRENTO,21,4137,4798.92
PO-000308,2024-08-04,CAMEO,78,25515,29597.4
PO-000309,2024-08-04,SHERO,186,43269,50192.04
PO-000310,2024-08-04,GALITA,243,76455,88687.8
PO-000311,2024-08-04,TEENBELL,99,13431,15579.96
PO-000312,2024-08-04,ONLY4U,21,5295,6142.2
PO-000313,2024-08-04,EDIT BY NINE,78,28875,33495
PO-000314,2024-08-05,HAVE,243,52047,60374.52
PO-000315,2024-08-05,MINE,363,66078,76650.48
PO-000316,2024-08-05,ONTWELFTH,243,80181,93009.96
PO-000317,2024-08-05,DANIEL JEANS,21,4494,5213.04
PO-000318,2024-08-05,MICHEL,693,124449,144360.84
PO-000319,2024-08-05,IF SHE LOVES,45,9603,11139.48
PO-000320,2024-08-05,COLETTE,21,4362,5059.92
PO-000321,2024-08-05,TIMING,372,60159,69784.44
PO-000322,2024-08-05,INVOICE,21,4833,5606.28
PO-000323,2024-08-05,LOVE,78,11466,13300.56
PO-000324,2024-08-05,LEENA,120,41160,47745.6
PO-000325,2024-08-05,LOVE TREE,363,73110,84807.6
PO-000326,2024-08-05,ROLYPOLY,54,11862,13759.92
PO-000327,2024-08-05,VERYJ,21,4773,5536.68
PO-000328,2024-08-06,ACTIVE USA,768,171900,199404
PO-000329,2024-08-06,MIROH,54,6444,7475.04
PO-000330,2024-08-06,AMBIANCE APPAREL,132,19347,22442.52
PO-000331,2024-08-06,AJ LEE APPAREL,66,11397,13220.52
PO-000332,2024-08-06,OVER APPAREL,210,38217,44331.72
PO-000333,2024-08-06,LOVE POEM,264,48000,55680
PO-000334,2024-08-06,BETTER BE,54,11934,13843.44
PO-000335,2024-08-06,LOLA,45,9648,11191.68
PO-000336,2024-09-04,LOVE TREE,372,67053,77781.48
PO-000337,2024-09-04,HAVE,249,52974,61449.84
PO-000338,2024-09-04,MICHEL,711,122958,142631.28
PO-000339,2024-09-04,ACG,123,25425,29493
PO-000340,2024-09-04,NAANAA,102,26889,31191.24
PO-000341,2024-09-04,THE VINTAGE SHOP,123,30573,35464.68
PO-000342,2024-09-04,GALITA,249,80577,93469.32
PO-000343,2024-09-04,RIVIR,24,10608,12305.28
PO-000344,2024-09-04,SANS SOUCI,192,44415,51521.4
PO-000345,2024-09-04,LEENA,123,45771,53094.36
PO-000346,2024-09-04,BAMBU,57,27093,31427.88
PO-000347,2024-09-04,ROLYPOLY,57,12513,14515.08
PO-000348,2024-09-04,RUNWAYPARIS,114,23466,27220.56
PO-000349,2024-09-04,TABA,78,10566,12256.56
PO-000350,2024-09-04,IRIS,114,15024,17427.84
PO-000351,2024-09-05,INVOICE,24,4584,5317.44
PO-000352,2024-09-05,ONLY4U,24,6096,7071.36
PO-000353,2024-09-05,ESTELLA,90,22005,25525.8
PO-000354,2024-09-05,IF SHE LOVES,45,9162,10627.92
PO-000355,2024-09-05,ACTIVE USA,789,166077,192649.32
PO-000356,2024-09-05,LOVE HARMONY,24,6432,7461.12
PO-000357,2024-09-05,CI SONO CORDUROY,24,5148,5971.68
PO-000358,2024-09-05,SPRING HAZE,57,12702,14734.32
PO-000359,2024-09-05,LOLA,45,9441,10951.56
PO-000360,2024-09-05,EVERLYNN,45,9459,10972.44
PO-000361,2024-09-05,MINE,372,66624,77283.84
PO-000362,2024-09-05,DRESS DAY,90,29601,34337.16
PO-000363,2024-09-05,DOUBLE ZERO,45,8982,10419.12
PO-000364,2024-09-05,AMBIANCE APPAREL,135,17802,20650.32
PO-000365,2024-09-06,LOVE,78,10689,12399.24
PO-000366,2024-09-06,LIZETTE COLLECTION,306,88260,102381.6
PO-000367,2024-09-06,AVAILABLE,147,22485,26082.6
PO-000368,2024-09-06,LOVE POEM,270,48432,56181.12
PO-000369,2024-09-06,LOVERICHE,258,74166,86032.56
PO-000370,2024-09-06,SHERO,192,42792,49638.72
PO-000371,2024-09-06,OVER APPAREL,213,42195,48946.2
PO-000372,2024-09-06,GEEGEE,24,6360,7377.6
PO-000373,2024-09-06,AZURA,45,15705,18217.8
PO-000374,2024-09-06,ONTWELFTH,249,87600,101616
PO-000375,2024-10-04,ACG,138,26943,31253.88
PO-000376,2024-10-04,SPRING HAZE,63,16668,19334.88
PO-000377,2024-10-04,MILK & HONEY,165,33780,39184.8
PO-000378,2024-10-04,DRESS DAY,102,33492,38850.72
PO-000379,2024-10-04,ESTELLA,102,28167,32673.72
PO-000380,2024-10-04,BETTER BE,63,14976,17372.16
PO-000381,2024-10-04,THE VINTAGE SHOP,138,39954,46346.64
PO-000382,2024-10-04,IJOAH,252,56136,65117.76
PO-000383,2024-10-04,TIMING,429,70092,81306.72
PO-000384,2024-10-04,SHERO,213,56073,65044.68
PO-000385,2024-10-04,MIROH,63,7785,9030.6
PO-000386,2024-10-04,CI SONO CORDUROY,24,5208,6041.28
PO-000387,2024-10-04,INA,24,6852,7948.32
PO-000388,2024-10-04,LOVERICHE,291,75924,88071.84
PO-000389,2024-10-04,TOP CHIC,51,11790,13676.4
PO-000390,2024-10-04,AJ LEE APPAREL,75,12888,14950.08
PO-000391,2024-10-05,HYFVE,201,52521,60924.36
PO-000392,2024-10-05,TREND STYLES,24,3480,4036.8
PO-000393,2024-10-05,MICHEL,795,127005,147325.8
PO-000394,2024-10-05,ACTIVE USA,882,151986,176303.76
PO-000395,2024-10-05,NAANAA,114,28893,33515.88
PO-000396,2024-10-05,MISTYROSE,24,6348,7363.68
PO-000397,2024-10-05,CAMEO,87,29085,33738.6
PO-000398,2024-10-05,LOLA,51,10998,12757.68
PO-000399,2024-10-05,CRETA,24,6504,7544.64
PO-000400,2024-10-05,GEEGEE,24,6360,7377.6
PO-000401,2024-10-05,AZURA,51,17625,20445
PO-000402,2024-10-05,WILL B,75,16656,19320.96
PO-000403,2024-10-05,MUY MUY,102,25923,30070.68
PO-000404,2024-10-05,CHOCOLATE,63,7884,9145.44
PO-000405,2024-10-05,ZENOBIA,102,22938,26608.08
PO-000406,2024-10-05,LEENA,138,48579,56351.64
PO-000407,2024-10-06,ONTWELFTH,276,84966,98560.56
PO-000408,2024-10-06,RIVIR,24,10332,11985.12
PO-000409,2024-10-06,LOVE TREE,417,94389,109491.24
PO-000410,2024-10-06,MINE,417,73941,85771.56
PO-000411,2024-10-06,HAVE,276,50403,58467.48
PO-000412,2024-10-06,OVI,177,53466,62020.56
PO-000413,2024-10-06,DANIEL JEANS,24,5136,5957.76
PO-000414,2024-10-06,VERYJ,24,5088,5902.08
PO-000415,2024-11-07,MIROH,54,6570,7621.2
PO-000416,2024-11-07,OVI,150,42804,49652.64
PO-000417,2024-11-07,AZURA,42,14496,16815.36
PO-000418,2024-11-07,CAMEO,75,25878,30018.48
PO-000419,2024-11-07,DRESS DAY,84,27969,32444.04
PO-000420,2024-11-07,SORRENTO,21,4137,4798.92
PO-000421,2024-11-07,EVERLYNN,42,8694,10085.04
PO-000422,2024-11-07,MICHEL,672,113844,132059.04
PO-000423,2024-11-07,MUY MUY,84,25992,30150.72
PO-000424,2024-11-07,ACG,117,24432,28341.12
PO-000425,2024-11-07,TREND STYLES,21,2937,3406.92
PO-000426,2024-11-07,BETTER BE,54,12087,14020.92
PO-000427,2024-11-07,BLASHE,63,11979,13895.64
PO-000428,2024-11-07,IJOAH,213,40764,47286.24
PO-000429,2024-11-07,TOP CHIC,42,10089,11703.24
PO-000430,2024-11-07,INA,21,6102,7078.32
PO-000431,2024-11-07,LOVE POEM,255,47997,55676.52
PO-000432,2024-11-08,MINE,351,59697,69248.52
PO-000433,2024-11-08,CRETA,21,5709,6622.44
PO-000434,2024-11-08,LOVERICHE,246,73527,85291.32
PO-000435,2024-11-08,SHERO,180,40545,47032.2
PO-000436,2024-11-08,MISTYROSE,21,5076,5888.16
PO-000437,2024-11-08,SPRING HAZE,54,14427,16735.32
PO-000438,2024-11-08,CHOCOLATE,54,11178,12966.48
PO-000439,2024-11-08,HAVE,234,53469,62024.04
PO-000440,2024-11-08,FASHION CARGO (PASSPORT),54,7713,8947.08
PO-000441,2024-11-08,STELLA,21,1746,2025.36
PO-000442,2024-11-08,SANS SOUCI,180,34764,40326.24
PO-000443,2024-11-08,WILL B,63,13248,15367.68
PO-000444,2024-11-08,AVAILABLE,138,19635,22776.6
PO-000445,2024-11-08,COLETTE,21,4356,5052.96
PO-000446,2024-11-08,IF SHE LOVES,42,8832,10245.12
PO-000447,2024-11-08,VERYJ,21,5193,6023.88
PO-000448,2024-11-08,LOVE,75,9537,11062.92
PO-000449,2024-11-09,NEW IN,84,19431,22539.96
PO-000450,2024-11-09,OVER APPAREL,204,37644,43667.04
PO-000451,2024-11-09,LOVE TREE,351,71439,82869.24
PO-000452,2024-11-09,TIMING,363,72336,83909.76
PO-000453,2024-11-09,PAPERMOON,234,49809,57778.44
PO-000454,2024-11-09,ACTIVE USA,747,156930,182038.8
PO-000455,2024-11-09,DANIEL JEANS,21,4494,5213.04
PO-000456,2024-11-09,THE WORK SHOP,54,10080,11692.8
PO-000457,2024-11-09,RIVIR,21,9708,11261.28
PO-000458,2024-11-09,ESTELLA,84,19083,22136.28
PO-000459,2024-11-09,ROLYPOLY,54,12105,14041.8
PO-000460,2024-12-04,TOP CHIC,60,14502,16822.32
PO-000461,2024-12-04,ACG,168,33072,38363.52
PO-000462,2024-12-04,FASHION CARGO (PASSPORT),78,11280,13084.8
PO-000463,2024-12-04,AJ LEE APPAREL,93,16083,18656.28
PO-000464,2024-12-04,THE VINTAGE SHOP,168,51402,59626.32
PO-000465,2024-12-04,CI SONO CORDUROY,30,6441,7471.56
PO-000466,2024-12-04,MUY MUY,123,32391,37573.56
PO-000467,2024-12-04,SHERO,261,54348,63043.68
PO-000468,2024-12-04,MICHEL,966,178974,207609.84
PO-000469,2024-12-04,MILK & HONEY,198,42372,49151.52
PO-000470,2024-12-04,EVERLYNN,60,12558,14567.28
PO-000471,2024-12-04,ONLY4U,30,7959,9232.44
PO-000472,2024-12-04,MINE,507,106161,123146.76
PO-000473,2024-12-04,AMBIANCE APPAREL,183,27918,32384.88
PO-000474,2024-12-04,TOSKA,168,37767,43809.72
PO-000475,2024-12-04,IF SHE LOVES,60,14232,16509.12
PO-000476,2024-12-05,SANS SOUCI,261,59517,69039.72
PO-000477,2024-12-05,BLASHE,93,15633,18134.28
PO-000478,2024-12-05,EDIT BY NINE,108,37611,43628.76
PO-000479,2024-12-05,PAPERMOON,336,83808,97217.28
PO-000480,2024-12-05,THE WORK SHOP,78,13470,15625.2
PO-000481,2024-12-05,DANIEL JEANS,30,6420,7447.2
PO-000482,2024-12-05,TREND STYLES,30,4284,4969.44
PO-000483,2024-12-05,ACTIVE USA,1071,207051,240179.16
PO-000484,2024-12-05,OVI,213,64419,74726.04
PO-000485,2024-12-05,GEEGEE,30,7950,9222
PO-000486,2024-12-05,MIROH,78,9585,11118.6
PO-000487,2024-12-05,LIZETTE COLLECTION,414,97848,113503.68
PO-000488,2024-12-05,IRIS,153,20640,23942.4
PO-000489,2024-12-05,MITI PAPERMOON,213,32604,37820.64
PO-000490,2024-12-05,CRETA,30,8187,9496.92
PO-000491,2024-12-05,STELLA,30,2724,3159.84
PO-000492,2024-12-05,HYFVE,246,70863,82201.08
PO-000493,2024-12-06,BETTER BE,78,18408,21353.28
PO-000494,2024-12-06,TIMING,522,102159,118504.44
PO-000495,2024-12-06,LOVE HARMONY,30,8382,9723.12
PO-000496,2024-12-06,LOVE TREE,507,98448,114199.68
PO-000497,2024-12-06,AZURA,60,21204,24596.64
PO-000498,2024-12-06,INA,30,8508,9869.28
PO-000499,2024-12-06,ROLYPOLY,78,17049,19776.84
PO-000500,2024-12-06,GLAM,261,64695,75046.2
PO-000501,2024-12-06,TEENBELL,138,18819,21830.04
PO-000502,2025-01-04,LOVE,54,7758,8999.28
PO-000503,2025-01-04,MINE,258,47322,54893.52
PO-000504,2025-01-04,TOSKA,87,21618,25076.88
PO-000505,2025-01-04,AJ LEE APPAREL,48,8190,9500.4
PO-000506,2025-01-04,EDIT BY NINE,54,14985,17382.6
PO-000507,2025-01-04,MITI PAPERMOON,108,16002,18562.32
PO-000508,2025-01-04,CRETA,15,4125,4785
PO-000509,2025-01-04,SHERO,132,29592,34326.72
PO-000510,2025-01-04,MICHEL,489,91758,106439.28
PO-000511,2025-01-04,GEEGEE,15,3975,4611
PO-000512,2025-01-04,LOVE POEM,186,35463,41137.08
PO-000513,2025-01-04,IF SHE LOVES,30,6441,7471.56
PO-000514,2025-01-04,TABA,54,7308,8477.28
PO-000515,2025-01-04,MILK & HONEY,102,20892,24234.72
PO-000516,2025-01-04,OVI,108,32280,37444.8
PO-000517,2025-01-04,LEENA,87,26457,30690.12
PO-000518,2025-01-04,EVERLYNN,30,7008,8129.28
PO-000519,2025-01-04,FASHION CARGO (PASSPORT),39,5637,6538.92
PO-000520,2025-01-05,LOVE TREE,258,52887,61348.92
PO-000521,2025-01-05,SORRENTO,15,2955,3427.8
PO-000522,2025-01-05,LOVE HARMONY,15,4380,5080.8
PO-000523,2025-01-05,ACTIVE USA,546,101394,117617.04
PO-000524,2025-01-05,CI SONO CORDUROY,15,3210,3723.6
PO-000525,2025-01-05,MIROH,39,4767,5529.72
PO-000526,2025-01-05,BETTER BE,39,9030,10474.8
PO-000527,2025-01-05,IN 2 YOU,30,4653,5397.48
PO-000528,2025-01-05,COLETTE,15,3120,3619.2
PO-000529,2025-01-05,OVER APPAREL,147,25674,29781.84
PO-000530,2025-01-05,TEENBELL,69,8610,9987.6
PO-000531,2025-01-05,RUNWAYPARIS,78,16086,18659.76
PO-000532,2025-01-05,PAPERMOON,171,48492,56250.72
PO-000533,2025-01-05,MUY MUY,63,14445,16756.2
PO-000534,2025-01-05,AMBIANCE APPAREL,93,14571,16902.36
PO-000535,2025-01-05,TOP CHIC,30,7995,9274.2
PO-000536,2025-01-05,HAVE,171,33375,38715
PO-000537,2025-01-05,CAMEO,54,20313,23563.08
PO-000538,2025-01-06,ONLY4U,15,3870,4489.2
PO-000539,2025-01-06,ONE N MORE,30,13257,15378.12
PO-000540,2025-01-06,ZENOBIA,63,13779,15983.64
PO-000541,2025-01-06,ACG,87,16716,19390.56
PO-000542,2025-01-06,BAMBU,39,17952,20824.32
PO-000543,2025-01-06,SPRING HAZE,39,10347,12002.52
PO-000544,2025-01-06,SANS SOUCI,132,28692,33282.72
PO-000545,2025-01-06,HYFVE,126,34965,40559.4
PO-000546,2025-01-06,ROLYPOLY,39,8835,10248.6
PO-000547,2025-02-04,CAMEO,75,23301,27029.16
PO-000548,2025-02-04,HAVE,240,45249,52488.84
PO-000549,2025-02-04,MIASMIAS,33,6006,6966.96
PO-000550,2025-02-04,BLASHE,66,11019,12782.04
PO-000551,2025-02-04,ONTWELFTH,240,70191,81421.56
PO-000552,2025-02-04,ACTIVE USA,762,152268,176630.88
PO-000553,2025-02-04,INA,21,6006,6966.96
PO-000554,2025-02-04,EVERLYNN,45,10233,11870.28
PO-000555,2025-02-04,SHERO,186,42024,48747.84
PO-000556,2025-02-04,FASHION CARGO (PASSPORT),54,7677,8905.32
PO-000557,2025-02-04,TIMING,369,69270,80353.2
PO-000558,2025-02-04,DOUBLE ZERO,45,8829,10241.64
PO-000559,2025-02-04,GEEGEE,21,5565,6455.4
PO-000560,2025-02-04,TOP CHIC,45,10827,12559.32
PO-000561,2025-02-04,MINE,360,52632,61053.12
PO-000562,2025-02-04,IJOAH,219,51822,60113.52
PO-000563,2025-02-05,SPRING HAZE,54,15192,17622.72
PO-000564,2025-02-05,SANS SOUCI,186,36255,42055.8
PO-000565,2025-02-05,COLETTE,21,4416,5122.56
PO-000566,2025-02-05,THE VINTAGE SHOP,120,37881,43941.96
PO-000567,2025-02-05,ONLY4U,21,5466,6340.56
PO-000568,2025-02-05,IN 2 YOU,45,7002,8122.32
PO-000569,2025-02-05,LIZETTE COLLECTION,294,86484,100321.44
PO-000570,2025-02-05,MITI PAPERMOON,153,23340,27074.4
PO-000571,2025-02-05,LOVE POEM,261,48111,55808.76
PO-000572,2025-02-05,AVAILABLE,141,20820,24151.2
PO-000573,2025-02-05,LOVE TREE,360,72072,83603.52
PO-000574,2025-02-05,WILL B,66,14796,17163.36
PO-000575,2025-02-05,MICHEL,687,123360,143097.6
PO-000576,2025-02-05,MUY MUY,87,21582,25035.12
PO-000577,2025-02-05,GLAM,186,43824,50835.84
PO-000578,2025-02-05,LOLA,45,9576,11108.16
PO-000579,2025-02-06,CRETA,21,5730,6646.8
PO-000580,2025-02-06,PAPERMOON,240,56115,65093.4
PO-000581,2025-02-06,ACG,120,24600,28536
PO-000582,2025-02-06,VERYJ,21,4776,5540.16
PO-000583,2025-02-06,DAZZLING,21,6897,8000.52
PO-000584,2025-02-06,TEENBELL,99,13518,15680.88
PO-000585,2025-02-06,GALITA,240,71625,83085
PO-000586,2025-02-06,NEW IN,87,21027,24391.32
PO-000587,2025-03-04,MIASMIAS,30,5460,6333.6
PO-000588,2025-03-04,CRETA,21,5730,6646.8
PO-000589,2025-03-04,PAPERMOON,228,60096,69711.36
PO-000590,2025-03-04,MIROH,51,6003,6963.48
PO-000591,2025-03-04,SANS SOUCI,177,35664,41370.24
PO-000592,2025-03-04,SPRING HAZE,51,14160,16425.6
PO-000593,2025-03-04,MILK & HONEY,135,24849,28824.84
PO-000594,2025-03-04,RIVIR,21,8457,9810.12
PO-000595,2025-03-04,LOVE POEM,249,43149,50052.84
PO-000596,2025-03-04,TOSKA,114,27108,31445.28
PO-000597,2025-03-04,EDIT BY NINE,72,24888,28870.08
PO-000598,2025-03-04,CHOCOLATE,51,10827,12559.32
PO-000599,2025-03-04,THE VINTAGE SHOP,114,35949,41700.84
PO-000600,2025-03-04,OVER APPAREL,198,36462,42295.92
PO-000601,2025-03-04,TREND STYLES,21,3183,3692.28
PO-000602,2025-03-04,GLAM,177,42450,49242
PO-000603,2025-03-04,ONE N MORE,42,18054,20942.64
PO-000604,2025-03-04,VERYJ,21,4698,5449.68
PO-000605,2025-03-04,TOP CHIC,42,10389,12051.24
PO-000606,2025-03-05,LOLA,42,9246,10725.36
PO-000607,2025-03-05,GALITA,228,58788,68194.08
PO-000608,2025-03-05,DAZZLING,21,6591,7645.56
PO-000609,2025-03-05,MICHEL,654,112623,130642.68
PO-000610,2025-03-05,SORRENTO,21,4137,4798.92
PO-000611,2025-03-05,COLETTE,21,4377,5077.32
PO-000612,2025-03-05,ONTWELFTH,228,71202,82594.32
PO-000613,2025-03-05,BAMBU,51,24741,28699.56
PO-000614,2025-03-05,MISTYROSE,21,5463,6337.08
PO-000615,2025-03-05,AJ LEE APPAREL,63,11016,12778.56
PO-000616,2025-03-05,AVAILABLE,135,20604,23900.64
PO-000617,2025-03-05,LIZETTE COLLECTION,282,76251,88451.16
PO-000618,2025-03-05,INVOICE,21,4356,5052.96
PO-000619,2025-03-05,TEENBELL,93,12756,14796.96
PO-000620,2025-03-05,ACTIVE USA,729,145311,168560.76
PO-000621,2025-03-05,MITI PAPERMOON,147,22767,26409.72
PO-000622,2025-03-05,CAMEO,72,24228,28104.48
PO-000623,2025-03-05,SHERO,177,35448,41119.68
PO-000624,2025-03-05,IJOAH,207,39750,46110
PO-000625,2025-03-05,ONLY4U,21,5340,6194.4
PO-000626,2025-03-06,GEEGEE,21,5565,6455.4
PO-000627,2025-03-06,AMBIANCE APPAREL,126,19278,22362.48
PO-000628,2025-03-06,FASHION CARGO (PASSPORT),51,7254,8414.64
PO-000629,2025-03-06,IF SHE LOVES,42,10620,12319.2
PO-000630,2025-03-06,NEW IN,84,18537,21502.92
PO-000631,2025-03-06,LOVE TREE,342,71904,83408.64
PO-000632,2025-03-06,IRIS,105,13203,15315.48
PO-000633,2025-03-06,ESTELLA,84,23922,27749.52
PO-000634,2025-03-06,BLASHE,63,9918,11504.88
PO-000635,2025-03-06,DOUBLE ZERO,42,8304,9632.64
PO-000636,2025-03-06,MINE,342,61086,70859.76
PO-000637,2025-04-04,CRETA,24,6600,7656
PO-000638,2025-04-04,ONE N MORE,51,19383,22484.28
PO-000639,2025-04-04,SHERO,216,50064,58074.24
PO-000640,2025-04-04,LIZETTE COLLECTION,345,105078,121890.48
PO-000641,2025-04-04,HAVE,279,53844,62459.04
PO-000642,2025-04-04,MIASMIAS,39,7098,8233.68
PO-000643,2025-04-04,STELLA,24,2340,2714.4
PO-000644,2025-04-04,TEENBELL,114,15207,17640.12
PO-000645,2025-04-04,THE WORK SHOP,63,11313,13123.08
PO-000646,2025-04-04,MIROH,63,7767,9009.72
PO-000647,2025-04-04,ACTIVE USA,891,173925,201753
PO-000648,2025-04-04,LOLA,51,11043,12809.88
PO-000649,2025-04-04,IJOAH,255,50574,58665.84
PO-000650,2025-04-04,MISTYROSE,24,6108,7085.28
PO-000651,2025-04-04,INA,24,6840,7934.4
PO-000652,2025-04-05,GLAM,216,51312,59521.92
PO-000653,2025-04-05,MINE,420,83985,97422.6
PO-000654,2025-04-05,AZURA,51,16428,19056.48
PO-000655,2025-04-05,IN 2 YOU,51,8010,9291.6
PO-000656,2025-04-05,EVERLYNN,51,10965,12719.4
PO-000657,2025-04-05,MILK & HONEY,165,34779,40343.64
PO-000658,2025-04-05,LOVE TREE,420,88173,102280.68
PO-000659,2025-04-05,THE VINTAGE SHOP,141,41829,48521.64
PO-000660,2025-04-05,BETTER BE,63,15300,17748
PO-000661,2025-04-05,IF SHE LOVES,51,11232,13029.12
PO-000662,2025-04-05,PAPERMOON,279,75108,87125.28
PO-000663,2025-04-05,MICHEL,801,145413,168679.08
PO-000664,2025-04-05,DANIEL JEANS,24,5136,5957.76
PO-000665,2025-04-05,HYFVE,204,52203,60555.48
PO-000666,2025-04-05,LEENA,141,47466,55060.56
PO-000667,2025-04-05,FASHION CARGO (PASSPORT),63,9072,10523.52
PO-000668,2025-04-06,SANS SOUCI,216,42264,49026.24
PO-000669,2025-04-06,ONLY4U,24,6348,7363.68
PO-000670,2025-04-06,OVER APPAREL,243,48732,56529.12
PO-000671,2025-04-06,VERYJ,24,5736,6653.76
PO-000672,2025-04-06,AMBIANCE APPAREL,153,20856,24192.96
PO-000673,2025-04-06,GILLI,51,15156,17580.96
PO-000674,2025-04-06,ROLYPOLY,63,13842,16056.72
PO-000675,2025-04-06,COLETTE,24,5016,5818.56
PO-000676,2025-04-06,SORRENTO,24,4728,5484.48
PO-000677,2025-05-04,TOP CHIC,54,13329,15461.64
PO-000678,2025-05-04,PAPERMOON,294,93282,108207.12
PO-000679,2025-05-04,INVOICE,27,5157,5982.12
PO-000680,2025-05-04,AVAILABLE,174,26280,30484.8
PO-000681,2025-05-04,CI SONO CORDUROY,27,5751,6671.16
PO-000682,2025-05-04,THE WORK SHOP,66,12036,13961.76
PO-000683,2025-05-04,LOLA,54,11493,13331.88
PO-000684,2025-05-04,TEENBELL,120,15996,18555.36
PO-000685,2025-05-04,NAANAA,120,32259,37420.44
PO-000686,2025-05-04,EVERLYNN,54,11412,13237.92
PO-000687,2025-05-04,OVI,186,53826,62438.16
PO-000688,2025-05-04,AJ LEE APPAREL,81,13671,15858.36
PO-000689,2025-05-04,ACTIVE USA,933,187029,216953.64
PO-000690,2025-05-04,MIASMIAS,39,7098,8233.68
PO-000691,2025-05-04,ONLY4U,27,7110,8247.6
PO-000692,2025-05-04,GALITA,294,72777,84421.32
PO-000693,2025-05-04,TABA,93,12426,14414.16
PO-000694,2025-05-05,LOVE POEM,321,49053,56901.48
PO-000695,2025-05-05,BETTER BE,66,15846,18381.36
PO-000696,2025-05-05,CAMEO,93,31776,36860.16
PO-000697,2025-05-05,GILLI,54,15480,17956.8
PO-000698,2025-05-05,DANIEL JEANS,27,5778,6702.48
PO-000699,2025-05-05,LOVE HARMONY,27,7218,8372.88
PO-000700,2025-05-05,NEW IN,108,23562,27331.92
PO-000701,2025-05-05,STELLA,27,3141,3643.56
PO-000702,2025-05-05,AMBIANCE APPAREL,159,24915,28901.4
PO-000703,2025-05-05,LIZETTE COLLECTION,360,101880,118180.8
PO-000704,2025-05-05,MILK & HONEY,174,35310,40959.6
PO-000705,2025-05-05,LOVE TREE,441,84909,98494.44
PO-000706,2025-05-05,MINE,441,73317,85047.72
PO-000707,2025-05-05,MIROH,66,8325,9657
PO-000708,2025-05-05,THE VINTAGE SHOP,147,36924,42831.84
PO-000709,2025-05-05,TREND STYLES,27,3843,4457.88
PO-000710,2025-05-06,DRESS DAY,108,40164,46590.24
PO-000711,2025-05-06,RUNWAYPARIS,132,27843,32297.88
PO-000712,2025-05-06,SPRING HAZE,66,17178,19926.48
PO-000713,2025-05-06,IN 2 YOU,54,8487,9844.92
PO-000714,2025-05-06,GEEGEE,27,7155,8299.8
PO-000715,2025-05-06,LOVE,93,13200,15312
PO-000716,2025-05-06,GLAM,228,58575,67947
PO-000717,2025-05-06,MICHEL,840,161589,187443.24
PO-000718,2025-06-04,OVER APPAREL,264,47880,55540.8
PO-000719,2025-06-04,MIASMIAS,42,7644,8867.04
PO-000720,2025-06-04,AVAILABLE,180,27330,31702.8
PO-000721,2025-06-04,CI SONO CORDUROY,27,5769,6692.04
PO-000722,2025-06-04,MILK & HONEY,180,38574,44745.84
PO-000723,2025-06-04,ROLYPOLY,69,14421,16728.36
PO-000724,2025-06-04,PAPERMOON,306,75732,87849.12
PO-000725,2025-06-04,EDIT BY NINE,96,32796,38043.36
PO-000726,2025-06-04,LOVE TREE,459,99129,114989.64
PO-000727,2025-06-04,BAMBU,69,33912,39337.92
PO-000728,2025-06-04,LOLA,54,11646,13509.36
PO-000729,2025-06-04,OVI,195,57228,66384.48
PO-000730,2025-06-05,TREND STYLES,27,4005,4645.8
PO-000731,2025-06-05,LEENA,153,51375,59595
PO-000732,2025-06-05,HAVE,306,62919,72986.04
PO-000733,2025-06-05,GILLI,54,15543,18029.88
PO-000734,2025-06-05,WILL B,84,19374,22473.84
PO-000735,2025-06-05,MICHEL,873,164100,190356
PO-000736,2025-06-05,ACTIVE USA,972,182427,211615.32
PO-000737,2025-06-05,CHOCOLATE,69,14862,17239.92
PO-000738,2025-06-05,FASHION CARGO (PASSPORT),69,9897,11480.52
PO-000739,2025-06-05,RIVIR,27,11853,13749.48
PO-000740,2025-06-05,HYFVE,222,66633,77294.28
PO-000741,2025-06-05,MIROH,69,8202,9514.32
PO-000742,2025-06-06,MINE,459,77430,89818.8
PO-000743,2025-06-06,ZENOBIA,111,20613,23911.08
PO-000744,2025-06-06,DANIEL JEANS,27,5778,6702.48
PO-000745,2025-06-06,LOVERICHE,318,82800,96048
PO-000746,2025-06-06,CRETA,27,7362,8539.92
PO-000747,2025-06-06,LOVE,96,14061,16310.76
PO-000748,2025-06-06,GLAM,237,53682,62271.12
PO-000749,2025-07-04,LIZETTE COLLECTION,234,71724,83199.84
PO-000750,2025-07-04,ROLYPOLY,45,9657,11202.12
PO-000751,2025-07-04,AZURA,36,12159,14104.44
PO-000752,2025-07-04,MICHEL,549,87645,101668.2
PO-000753,2025-07-04,CHOCOLATE,45,9531,11055.96
PO-000754,2025-07-04,IN 2 YOU,36,5616,6514.56
PO-000755,2025-07-04,SANS SOUCI,147,26202,30394.32
PO-000756,2025-07-04,SPRING HAZE,45,9666,11212.56
PO-000757,2025-07-04,MINE,288,50577,58669.32
PO-000758,2025-07-04,ONLY4U,18,4563,5293.08
PO-000759,2025-07-04,AJ LEE APPAREL,51,8607,9984.12
PO-000760,2025-07-04,FASHION CARGO (PASSPORT),45,6426,7454.16
PO-000761,2025-07-04,LOVERICHE,201,53499,62058.84
PO-000762,2025-07-04,ACTIVE USA,609,135903,157647.48
PO-000763,2025-07-04,RUNWAYPARIS,87,17124,19863.84
PO-000764,2025-07-04,ONE N MORE,36,15930,18478.8
PO-000765,2025-07-04,GEEGEE,18,4770,5533.2
PO-000766,2025-07-05,LOVE TREE,288,58839,68253.24
PO-000767,2025-07-05,TREND STYLES,18,2592,3006.72
PO-000768,2025-07-05,MIASMIAS,27,4914,5700.24
PO-000769,2025-07-05,ESTELLA,69,16020,18583.2
PO-000770,2025-07-05,CI SONO CORDUROY,18,3843,4457.88
PO-000771,2025-07-05,ACG,96,18651,21635.16
PO-000772,2025-07-05,GILLI,36,10656,12360.96
PO-000773,2025-07-05,LEENA,96,30408,35273.28
PO-000774,2025-07-05,LOLA,36,7497,8696.52
PO-000775,2025-07-05,OVER APPAREL,165,30135,34956.6
PO-000776,2025-07-05,BLASHE,51,9372,10871.52
PO-000777,2025-07-05,MISTYROSE,18,4608,5345.28
PO-000778,2025-07-05,IJOAH,174,44247,51326.52
PO-000779,2025-07-05,NAANAA,78,20118,23336.88
PO-000780,2025-07-05,EDIT BY NINE,60,19716,22870.56
PO-000781,2025-07-05,HAVE,192,40257,46698.12
PO-000782,2025-07-06,SHERO,147,36924,42831.84
PO-000783,2025-07-06,INA,18,5166,5992.56
PO-000784,2025-07-06,AVAILABLE,114,18291,21217.56
PO-000785,2025-07-06,GALITA,192,56193,65183.88
PO-000786,2025-07-06,AMBIANCE APPAREL,105,16125,18705
PO-000787,2025-07-06,LOVE,60,7938,9208.08
PO-000788,2025-07-06,DAZZLING,18,5697,6608.52
PO-000789,2025-07-06,PAPERMOON,192,52377,60757.32
PO-000790,2025-07-06,MILK & HONEY,114,24186,28055.76
PO-000791,2025-08-04,INA,24,6804,7892.64
PO-000792,2025-08-04,THE WORK SHOP,63,11142,12924.72
PO-000793,2025-08-04,FASHION CARGO (PASSPORT),63,8916,10342.56
PO-000794,2025-08-04,TEENBELL,111,14406,16710.96
PO-000795,2025-08-04,DANIEL JEANS,24,5136,5957.76
PO-000796,2025-08-04,MINE,411,79350,92046
PO-000797,2025-08-04,BLASHE,75,12462,14455.92
PO-000798,2025-08-04,WILL B,75,17175,19923
PO-000799,2025-08-04,LOVE POEM,297,54519,63242.04
PO-000800,2025-08-04,ESTELLA,99,24858,28835.28
PO-000801,2025-08-04,TREND STYLES,24,3624,4203.84
PO-000802,2025-08-04,AZURA,51,18084,20977.44
PO-000803,2025-08-04,DAZZLING,24,7584,8797.44
PO-000804,2025-08-04,STELLA,24,2304,2672.64
PO-000805,2025-08-04,NEW IN,99,22149,25692.84
PO-000806,2025-08-04,INVOICE,24,5400,6264
PO-000807,2025-08-04,HAVE,273,58515,67877.4
PO-000808,2025-08-05,ONLY4U,24,6336,7349.76
PO-000809,2025-08-05,TOP CHIC,51,12615,14633.4
PO-000810,2025-08-05,SHERO,210,50937,59086.92
PO-000811,2025-08-05,ACTIVE USA,870,168510,195471.6
PO-000812,2025-08-05,BETTER BE,63,14157,16422.12
PO-000813,2025-08-05,CI SONO CORDUROY,24,5148,5971.68
PO-000814,2025-08-05,CAMEO,87,28725,33321
PO-000815,2025-08-05,ROLYPOLY,63,14121,16380.36
PO-000816,2025-08-05,ONTWELFTH,273,104772,121535.52
PO-000817,2025-08-05,BAMBU,63,28881,33501.96
PO-000818,2025-08-05,EDIT BY NINE,87,30222,35057.52
PO-000819,2025-08-05,LOVE HARMONY,24,6696,7767.36
PO-000820,2025-08-05,IF SHE LOVES,51,12627,14647.32
PO-000821,2025-08-05,TOSKA,138,30891,35833.56
PO-000822,2025-08-05,TIMING,423,84357,97854.12
PO-000823,2025-08-05,VERYJ,24,5856,6792.96
PO-000824,2025-08-05,LOVE TREE,411,75615,87713.4
PO-000825,2025-08-05,IN 2 YOU,51,7980,9256.8
PO-000826,2025-08-06,EVERLYNN,51,10575,12267
PO-000827,2025-08-06,RUNWAYPARIS,123,25407,29472.12
PO-000828,2025-08-06,LIZETTE COLLECTION,336,98364,114102.24
PO-000829,2025-08-06,MILK & HONEY,162,33816,39226.56
PO-000830,2025-08-06,MICHEL,783,165543,192029.88
PO-000831,2025-08-06,LEENA,138,45675,52983
PO-000832,2025-08-06,DOUBLE ZERO,51,10086,11699.76
PO-000833,2025-08-06,COLETTE,24,5040,5846.4
PO-000834,2025-09-04,CRETA,15,4125,4785
PO-000835,2025-09-04,IN 2 YOU,33,5208,6041.28
PO-000836,2025-09-04,TOSKA,87,20757,24078.12
PO-000837,2025-09-04,COLETTE,15,3165,3671.4
PO-000838,2025-09-04,ONE N MORE,33,13008,15089.28
PO-000839,2025-09-04,WILL B,48,10929,12677.64
PO-000840,2025-09-04,FASHION CARGO (PASSPORT),39,5508,6389.28
PO-000841,2025-09-04,MIROH,39,4908,5693.28
PO-000842,2025-09-04,DRESS DAY,63,20718,24032.88
PO-000843,2025-09-04,ONLY4U,15,3765,4367.4
PO-000844,2025-09-04,LOVE POEM,192,34488,40006.08
PO-000845,2025-09-04,IF SHE LOVES,33,6963,8077.08
PO-000846,2025-09-04,AMBIANCE APPAREL,96,14265,16547.4
PO-000847,2025-09-04,TREND STYLES,15,2115,2453.4
PO-000848,2025-09-04,BETTER BE,39,9873,11452.68
PO-000849,2025-09-04,MINE,264,40188,46618.08
PO-000850,2025-09-04,LOVERICHE,183,49731,57687.96
PO-000851,2025-09-04,LOVE,57,7704,8936.64
PO-000852,2025-09-04,NEW IN,63,14607,16944.12
PO-000853,2025-09-05,LOVE HARMONY,15,3510,4071.6
PO-000854,2025-09-05,AVAILABLE,102,16233,18830.28
PO-000855,2025-09-05,DAZZLING,15,4905,5689.8
PO-000856,2025-09-05,EVERLYNN,33,7323,8494.68
PO-000857,2025-09-05,IRIS,81,11304,13112.64
PO-000858,2025-09-05,THE WORK SHOP,39,7632,8853.12
PO-000859,2025-09-05,GILLI,33,8487,9844.92
PO-000860,2025-09-05,CAMEO,57,18591,21565.56
PO-000861,2025-09-05,SANS SOUCI,135,30417,35283.72
PO-000862,2025-09-05,TEENBELL,72,8937,10366.92
PO-000863,2025-09-05,LOVE TREE,264,53193,61703.88
PO-000864,2025-09-05,OVER APPAREL,150,28902,33526.32
PO-000865,2025-09-05,GALITA,174,46746,54225.36
PO-000866,2025-09-05,INVOICE,15,2745,3184.2
PO-000867,2025-09-05,RUNWAYPARIS,81,16560,19209.6
PO-000868,2025-09-05,STELLA,15,1620,1879.2
PO-000869,2025-09-05,SHERO,135,29265,33947.4
PO-000870,2025-09-05,MIASMIAS,24,4368,5066.88
PO-000871,2025-09-05,MICHEL,501,91320,105931.2
PO-000872,2025-09-05,ACTIVE USA,558,96153,111537.48
PO-000873,2025-09-05,MUY MUY,63,17964,20838.24
PO-000874,2025-09-06,MISTYROSE,15,3660,4245.6
PO-000875,2025-09-06,BLASHE,48,8688,10078.08
PO-000876,2025-09-06,CI SONO CORDUROY,15,3180,3688.8
PO-000877,2025-09-06,OVI,111,32124,37263.84
PO-000878,2025-09-06,TABA,57,7977,9253.32
PO-000879,2025-09-06,HYFVE,126,34560,40089.6
PO-000880,2025-09-06,BAMBU,39,19038,22084.08
PO-000881,2025-09-06,MILK & HONEY,102,21180,24568.8
PO-000882,2025-09-06,THE VINTAGE SHOP,87,28368,32906.88
PO-000883,2025-09-06,RIVIR,15,6015,6977.4
PO-000884,2025-09-06,CHOCOLATE,39,10593,12287.88
PO-000885,2025-09-06,EDIT BY NINE,57,16362,18979.92
PO-000886,2025-10-04,MIROH,84,10554,12242.64
PO-000887,2025-10-04,DAZZLING,33,10731,12447.96
PO-000888,2025-10-04,TOP CHIC,66,16494,19133.04
PO-000889,2025-10-04,AVAILABLE,216,31014,35976.24
PO-000890,2025-10-04,IJOAH,333,91404,106028.64
PO-000891,2025-10-04,MIASMIAS,51,9282,10767.12
PO-000892,2025-10-04,ACTIVE USA,1164,220374,255633.84
PO-000893,2025-10-04,BETTER BE,84,17769,20612.04
PO-000894,2025-10-04,CRETA,33,8979,10415.64
PO-000895,2025-10-04,FASHION CARGO (PASSPORT),84,12093,14027.88
PO-000896,2025-10-04,THE VINTAGE SHOP,183,56604,65660.64
PO-000897,2025-10-04,CHOCOLATE,84,17916,20782.56
PO-000898,2025-10-04,BAMBU,84,41445,48076.2
PO-000899,2025-10-04,EDIT BY NINE,117,43470,50425.2
PO-000900,2025-10-04,INVOICE,33,6819,7910.04
PO-000901,2025-10-04,TABA,117,15777,18301.32
PO-000902,2025-10-05,GEEGEE,33,8745,10144.2
PO-000903,2025-10-05,MINE,549,99183,115052.28
PO-000904,2025-10-05,LOVE TREE,549,100302,116350.32
PO-000905,2025-10-05,LIZETTE COLLECTION,450,141342,163956.72
PO-000906,2025-10-05,MISTYROSE,33,8463,9817.08
PO-000907,2025-10-05,STELLA,33,3297,3824.52
PO-000908,2025-10-05,NEW IN,132,35961,41714.76
PO-000909,2025-10-05,MUY MUY,132,35403,41067.48
PO-000910,2025-10-05,SPRING HAZE,84,22185,25734.6
PO-000911,2025-10-05,IRIS,165,18792,21798.72
PO-000912,2025-10-05,CAMEO,117,37449,43440.84
PO-000913,2025-10-05,BLASHE,99,16893,19595.88
PO-000914,2025-10-05,ONTWELFTH,366,114180,132448.8
PO-000915,2025-10-05,MICHEL,1047,189030,219274.8
PO-000916,2025-10-05,GLAM,282,73617,85395.72
PO-000917,2025-10-06,TREND STYLES,33,4899,5682.84
PO-000918,2025-10-06,AMBIANCE APPAREL,201,27759,32200.44
PO-000919,2025-10-06,DOUBLE ZERO,66,13188,15298.08
PO-000920,2025-10-06,TOSKA,183,44397,51500.52
PO-000921,2025-10-06,TEENBELL,150,19995,23194.2
PO-000922,2025-10-06,DANIEL JEANS,33,7062,8191.92
PO-000923,2025-10-06,ONE N MORE,66,28428,32976.48
PO-000924,2025-10-06,ESTELLA,132,33480,38836.8
PO-000925,2025-10-06,EVERLYNN,66,14322,16613.52
PO-000926,2025-11-04,GILLI,54,15381,17841.96
PO-000927,2025-11-04,BETTER BE,66,16632,19293.12
PO-000928,2025-11-04,STELLA,27,2385,2766.6
PO-000929,2025-11-04,LOLA,54,11484,13321.44
PO-000930,2025-11-04,MINE,441,79020,91663.2
PO-000931,2025-11-04,RIVIR,27,10971,12726.36
PO-000932,2025-11-04,IF SHE LOVES,54,12483,14480.28
PO-000933,2025-11-04,SANS SOUCI,228,40308,46757.28
PO-000934,2025-11-04,MISTYROSE,27,6957,8070.12
PO-000935,2025-11-04,GEEGEE,27,7155,8299.8
PO-000936,2025-11-04,AMBIANCE APPAREL,162,23505,27265.8
PO-000937,2025-11-04,CI SONO CORDUROY,27,5805,6733.8
PO-000938,2025-11-04,MUY MUY,108,24489,28407.24
PO-000939,2025-11-04,ONE N MORE,54,19449,22560.84
PO-000940,2025-11-04,EDIT BY NINE,93,29337,34030.92
PO-000941,2025-11-04,WILL B,81,18207,21120.12
PO-000942,2025-11-04,IRIS,135,18879,21899.64
PO-000943,2025-11-05,ROLYPOLY,66,14436,16745.76
PO-000944,2025-11-05,IJOAH,267,62184,72133.44
PO-000945,2025-11-05,THE VINTAGE SHOP,147,49542,57468.72
PO-000946,2025-11-05,FASHION CARGO (PASSPORT),66,9468,10982.88
PO-000947,2025-11-05,AZURA,54,17910,20775.6
PO-000948,2025-11-05,HYFVE,213,60678,70386.48
PO-000949,2025-11-05,BLASHE,81,13608,15785.28
PO-000950,2025-11-05,CAMEO,93,33012,38293.92
PO-000951,2025-11-05,MIASMIAS,39,7098,8233.68
PO-000952,2025-11-05,LOVE TREE,441,82032,95157.12
PO-000953,2025-11-05,GALITA,294,74004,85844.64
PO-000954,2025-11-05,GLAM,228,51783,60068.28
PO-000955,2025-11-05,LEENA,147,52230,60586.8
PO-000956,2025-11-05,SORRENTO,27,5319,6170.04
PO-000957,2025-11-05,INA,27,7803,9051.48
PO-000958,2025-11-05,LIZETTE COLLECTION,363,111351,129167.16
PO-000959,2025-11-05,CRETA,27,7371,8550.36
PO-000960,2025-11-05,AVAILABLE,174,27342,31716.72
PO-000961,2025-11-06,EVERLYNN,54,11853,13749.48
PO-000962,2025-11-06,ACTIVE USA,939,188478,218634.48
PO-000963,2025-11-06,SPRING HAZE,66,16518,19160.88
PO-000964,2025-11-06,ONTWELFTH,294,89334,103627.44
PO-000965,2025-11-06,MICHEL,843,135747,157466.52
PO-000966,2025-11-06,AJ LEE APPAREL,81,14175,16443
PO-000967,2025-11-06,MIROH,66,8175,9483
PO-000968,2025-11-06,LOVE,93,13767,15969.72
PO-000969,2025-11-06,ZENOBIA,108,23877,27697.32
PO-000970,2025-12-04,INA,24,6900,8004
PO-000971,2025-12-04,PAPERMOON,273,76011,88172.76
PO-000972,2025-12-04,OVI,174,52593,61007.88
PO-000973,2025-12-04,DAZZLING,24,7740,8978.4
PO-000974,2025-12-04,ONTWELFTH,273,79455,92167.8
PO-000975,2025-12-04,LEENA,135,46323,53734.68
PO-000976,2025-12-04,NAANAA,111,30009,34810.44
PO-000977,2025-12-04,MITI PAPERMOON,174,25905,30049.8
PO-000978,2025-12-04,WILL B,75,17073,19804.68
PO-000979,2025-12-04,LOVE TREE,408,81510,94551.6
PO-000980,2025-12-04,GALITA,273,85359,99016.44
PO-000981,2025-12-04,AVAILABLE,162,26964,31278.24
PO-000982,2025-12-04,LOVERICHE,285,69129,80189.64
PO-000983,2025-12-04,MICHEL,780,145860,169197.6
PO-000984,2025-12-04,LIZETTE COLLECTION,336,81942,95052.72
PO-000985,2025-12-04,AJ LEE APPAREL,75,12957,15030.12
PO-000986,2025-12-05,EVERLYNN,51,10347,12002.52
PO-000987,2025-12-05,STELLA,24,2268,2630.88
PO-000988,2025-12-05,SHERO,210,44649,51792.84
PO-000989,2025-12-05,TEENBELL,111,13383,15524.28
PO-000990,2025-12-05,GEEGEE,24,6360,7377.6
PO-000991,2025-12-05,FASHION CARGO (PASSPORT),63,9072,10523.52
PO-000992,2025-12-05,MINE,408,70470,81745.2
PO-000993,2025-12-05,DANIEL JEANS,24,5136,5957.76
PO-000994,2025-12-05,EDIT BY NINE,87,31455,36487.8
PO-000995,2025-12-05,ONLY4U,24,6312,7321.92
PO-000996,2025-12-05,HYFVE,198,49830,57802.8
PO-000997,2025-12-05,IF SHE LOVES,51,11193,12983.88
PO-000998,2025-12-05,VERYJ,24,5400,6264
PO-000999,2025-12-05,MUY MUY,99,23862,27679.92
PO-001000,2025-12-06,MILK & HONEY,162,32955,38227.8
PO-001001,2025-12-06,ACTIVE USA,867,177984,206461.44
PO-001002,2025-12-06,NEW IN,99,25767,29889.72
PO-001003,2025-12-06,TOP CHIC,51,12384,14365.44
PO-001004,2025-12-06,IN 2 YOU,51,8058,9347.28
PO-001005,2025-12-06,ESTELLA,99,24576,28508.16
PO-001006,2025-12-06,ONE N MORE,51,22926,26594.16
PO-001007,2025-12-06,AMBIANCE APPAREL,150,21627,25087.32
